objective,run_id,feature_set,variant,train_seasons,test_seasons,test_log_loss,test_auc,upset_acc_seedgap_ge_5,champ_top1_rate,champ_top4_rate,rows_train,rows_test,n_features
bracket,BRK_BASE_CORE,core,raw,2003|2004|2005|2006|2007|2008|2009|2010|2011|2012|2013|2014|2015|2016|2017|2018|2019|2021,2022|2023|2024|2025,0.5745803742587721,0.7738638895076855,0.782051282051282,,,2362,536,18
bracket,BRK_BASE_CORE,core,sigmoid,2003|2004|2005|2006|2007|2008|2009|2010|2011|2012|2013|2014|2015|2016|2017|2018|2019|2021,2022|2023|2024|2025,0.5715107755692835,0.7735854310536869,0.782051282051282,,,2362,536,18
bracket,BRK_BASE_CORE,core,isotonic,2003|2004|2005|2006|2007|2008|2009|2010|2011|2012|2013|2014|2015|2016|2017|2018|2019|2021,2022|2023|2024|2025,0.69710253381235,0.7741075406549344,0.782051282051282,,,2362,536,18
champion,CHAMP_BASE_CORE,core,raw,2003|2004|2005|2006|2007|2008|2009|2010|2011|2012|2013|2014|2015|2016|2017|2018|2019|2021,2022|2023|2024|2025,0.05242633778638459,0.9319029850746269,,0.0,0.5,1200,272,15
champion,CHAMP_BASE_CORE,core,sigmoid,2003|2004|2005|2006|2007|2008|2009|2010|2011|2012|2013|2014|2015|2016|2017|2018|2019|2021,2022|2023|2024|2025,0.05671206668686746,0.9291044776119404,,0.0,0.5,1200,272,15
champion,CHAMP_BASE_CORE,core,isotonic,2003|2004|2005|2006|2007|2008|2009|2010|2011|2012|2013|2014|2015|2016|2017|2018|2019|2021,2022|2023|2024|2025,0.053349084117136444,0.9291044776119404,,0.0,0.5,1200,272,15
