cluster_label,Overall G,Overall W,Overall L,Overall SRS,Overall SOS,Conf. W,Conf. L,Home W,Home L,Away W,Away L,Points Tm.,Points Opp.,MP,FG,FGA,FG%,3P,3PA,3P%,FT,FTA,FT%,ORB,TRB,AST,STL,BLK,TOV,PF
-1,-0.1735071440516162,0.29486113666872543,-0.3380954606280748,-0.06811058173422228,-0.36065336788843366,0.33831548238038306,-0.48507659602460335,-0.02808633291172593,-0.2493935585517617,0.5593035302763228,-0.27574742103117733,-0.06347207522371026,-0.40382684416495634,-0.1780643331437965,0.04747563083631433,-0.13296586759174558,0.2201476738928934,-0.10512652130784864,-0.0882490407306779,-0.12200065637669232,-0.20511478166742547,-0.20251240531438047,-0.05088450207773497,-0.1290687375922661,-0.011217410714524265,0.17550684009968623,0.25724100611670586,0.1518023978938924,-0.10815935553783788,-0.22917554992857556
0,0.034331141410191494,-0.07148123236161967,0.0801575074849755,0.002045190555806772,0.06699254629100568,-0.07956635862817268,0.1057602634814614,-0.0112990029108758,0.06192458985763813,-0.11850637368393607,0.0661902861327091,-0.0039702986205087136,0.07851192181718267,0.036370238388505324,-0.026634835978230714,0.020224027690927814,-0.0637280534139387,0.0007448294697225483,0.005676832705391716,-0.001621065179475477,0.04284697978145482,0.04327906112829166,0.0074719681894001985,0.02728977839200449,-0.005548836680950441,-0.053476442658241,-0.048576977215763706,-0.026553431447049015,0.0176197553855659,0.04409471615314673
1,-0.26297640154272756,1.7870111497356609,-1.8649504984101088,1.06278808901319,-0.10104352109848075,1.8005462423064795,-1.7327837493164508,1.6767765112615667,-1.6609617391795402,1.647317550603475,-1.6041239929543687,1.5897825301343929,-0.4701149342734861,-0.38589676361018954,1.830541494168254,0.4191787039045865,2.3908382022211097,1.88638912516812,1.068278491022754,2.4426942340048203,-0.5415826799164397,-0.63423266921731,0.18770328346559087,-0.37427429426212305,0.7753730081281004,2.1784694692798228,0.15301956182935258,-0.12519475308700703,0.22175958737859358,-0.21971744895425793
