feature,vif
Points Tm.,453364.1944
FG,236224.5939
FT,56553.97301
3P,27704.73531
FTA,594.3218522
FGA,449.9528508
FG%,314.9534494
3PA,256.3113666
Overall SRS,102.1520754
FT%,63.43761753
Overall SOS,48.72015409
3P%,43.72458502
Points Opp.,27.00193106
TRB,13.15769334
Away L,12.77651898
Conf. W,11.014287
Conf. L,9.662745781
Home W,9.660297609
Home L,9.34715372
Away W,8.832768509
ORB,4.456392507
STL,3.755102985
TOV,3.65520909
AST,3.114582606
MP,2.831205304
PF,1.924119602
BLK,1.387152498
